<?xml version="1.0" encoding="UTF-8"?>
<beans xmlns="http://www.springframework.org/schema/beans"
       xmlns:xsi="http://www.w3.org/2001/XMLSchema-instance"
       xmlns:tx="http://www.springframework.org/schema/tx"
       xmlns:aop="http://www.springframework.org/schema/aop"
       xmlns:context="http://www.springframework.org/schema/context"
       xsi:schemaLocation="http://www.springframework.org/schema/beans
		http://www.springframework.org/schema/beans/spring-beans.xsd
        http://www.springframework.org/schema/aop
        http://www.springframework.org/schema/aop/spring-aop.xsd
        http://www.springframework.org/schema/tx
        http://www.springframework.org/schema/tx/spring-tx.xsd
        http://www.springframework.org/schema/context
        http://www.springframework.org/schema/context/spring-context.xsd">

    <!-- 事务管理器
        对mybatis操作数据库事务控制，spring使用jdbc的事务控制类
    -->
    <bean name="transactionManager" class="org.springframework.jdbc.datasource.DataSourceTransactionManager">
        <!-- 数据源
        dataSource在applicationContext-dao.xml中配置了
         -->
        <property name="dataSource" ref="dataSource" />
    </bean>

    <!-- 通知 -->
    <tx:advice id="txAdvice" transaction-manager="transactionManager">
        <tx:attributes>
            <!-- 传播行为 -->
            <tx:method name="save*" propagation="REQUIRED" rollback-for="Exception"/>
            <tx:method name="delete*" propagation="REQUIRED" rollback-for="Exception"/>
            <tx:method name="insert*" propagation="REQUIRED" rollback-for="Exception"/>
            <tx:method name="update*" propagation="REQUIRED" rollback-for="Exception"/>
            <tx:method name="find*" propagation="SUPPORTS" read-only="true" rollback-for="Exception"/>
            <tx:method name="get*" propagation="SUPPORTS" read-only="true" rollback-for="Exception"/>
            <tx:method name="select*" propagation="SUPPORTS" read-only="true" rollback-for="Exception"/>
        </tx:attributes>
    </tx:advice>

    <!-- 配置哪些类的方法需要进行事务管理 -->
    <!--<aop:config>-->
        <!--<aop:pointcut id="allServiceMethod"-->
                      <!--expression="execution(* com.tao.service..*.*(..))" />-->
        <!--<aop:advisor advice-ref="txAdvice" pointcut-ref="allServiceMethod" />-->
    <!--</aop:config>-->

    <!--声明业务组件使用注解生成事务代理 -->
    <tx:annotation-driven transaction-manager="transactionManager" />

</beans>